instance,gringo-duration,gringo-timeout-occurred,idlv-duration,idlv-timeout-occured,nagg-idlv-duration,nagg-idlv-timeout-occured,nagg-gringo-duration,nagg-gringo-timeout-occured
0001-stablemarriage-0-0.asp,256.34942269325256,False,126.09356498718262,False,72.07463908195496,False,91.82283115386963,False
0002-stablemarriage-0-0.asp,254.80226230621338,False,125.82072401046753,False,72.11891674995422,False,91.19654297828674,False
0003-stablemarriage-0-0.asp,254.4110403060913,False,124.54732322692871,False,71.82082462310791,False,93.32136869430542,False
0004-stablemarriage-0-0.asp,249.20659804344177,False,128.03079867362976,False,77.08206295967102,False,95.5929024219513,False
0005-stablemarriage-0-0.asp,263.78468680381775,False,124.12516856193542,False,75.73721766471863,False,98.03099226951599,False
0006-stablemarriage-0-0.asp,268.3553800582886,False,122.66664099693298,False,78.72566795349121,False,97.59373593330383,False
0007-stablemarriage-0-0.asp,261.9299201965332,False,127.26946568489075,False,72.17712044715881,False,92.45966100692749,False
0008-stablemarriage-0-0.asp,256.53712725639343,False,125.63676381111145,False,71.37807059288025,False,92.21882319450378,False
0009-stablemarriage-0-0.asp,263.0731408596039,False,127.59104466438293,False,70.79802751541138,False,92.30886578559875,False
0010-stablemarriage-0-0.asp,255.02330994606018,False,119.34012341499329,False,71.7136800289154,False,91.84899950027466,False
0011-stablemarriage-0-0.asp,260.1353154182434,False,128.054429769516,False,72.29338431358337,False,92.53547477722168,False
0012-stablemarriage-0-0.asp,263.7274031639099,False,124.44244265556335,False,71.25754857063293,False,91.50496673583984,False
0013-stablemarriage-0-0.asp,255.48570919036865,False,127.12427949905396,False,71.33803176879883,False,91.97963237762451,False
0014-stablemarriage-0-0.asp,257.8983931541443,False,117.29645085334778,False,72.28015446662903,False,91.63855290412903,False
0015-stablemarriage-0-0.asp,254.02073168754578,False,125.64757418632507,False,71.1096761226654,False,90.77401328086853,False
0016-stablemarriage-0-0.asp,258.0202317237854,False,127.9728262424469,False,73.51081871986389,False,93.46516823768616,False
0017-stablemarriage-0-0.asp,263.82513666152954,False,127.92750787734985,False,72.08984470367432,False,92.47024846076965,False
0018-stablemarriage-0-0.asp,258.0566484928131,False,123.30444836616516,False,77.50836491584778,False,97.46998929977417,False
0019-stablemarriage-0-0.asp,275.6818046569824,False,129.39719581604004,False,72.02921342849731,False,92.17031025886536,False
0020-stablemarriage-0-0.asp,262.1646161079407,False,124.62424325942993,False,71.9938952922821,False,92.71109342575073,False
0021-stablemarriage-0-0.asp,262.46803975105286,False,124.15045833587646,False,74.51705169677734,False,94.30022382736206,False
0022-stablemarriage-0-0.asp,262.66786432266235,False,125.27247095108032,False,73.76807594299316,False,95.85346412658691,False
0023-stablemarriage-0-0.asp,262.8642964363098,False,117.75147676467896,False,78.63277101516724,False,93.17201948165894,False
0024-stablemarriage-0-0.asp,265.1027102470398,False,127.56502771377563,False,77.09349012374878,False,97.78692603111267,False
0025-stablemarriage-0-0.asp,263.15234303474426,False,124.26245880126953,False,77.0440366268158,False,97.76352834701538,False
0026-stablemarriage-0-0.asp,266.60154247283936,False,128.69509506225586,False,77.17744159698486,False,97.71501350402832,False
0027-stablemarriage-0-0.asp,853.8809049129486,True,391.5565176010132,False,145.0395586490631,False,206.09576106071472,False
0028-stablemarriage-0-0.asp,809.291092634201,True,412.83907771110535,False,145.06477904319763,False,210.56142020225525,False
0029-stablemarriage-0-0.asp,853.0830762386322,True,390.0241963863373,False,136.67569756507874,False,195.72958326339722,False
0030-stablemarriage-0-0.asp,844.5854861736298,True,402.0995955467224,False,161.5446014404297,False,227.67107629776,False
0031-stablemarriage-0-0.asp,949.0558757781982,True,454.5502028465271,False,152.56783485412598,False,195.54948687553406,False
0032-stablemarriage-0-0.asp,857.3166508674622,True,404.1886157989502,False,145.1876504421234,False,208.97050285339355,False
0033-stablemarriage-0-0.asp,830.1938467025757,True,388.8860137462616,False,134.518559217453,False,194.4862825870514,False
0034-stablemarriage-0-0.asp,851.1584923267365,True,409.3037781715393,False,145.06294131278992,False,209.244282245636,False
0035-stablemarriage-0-0.asp,852.763543844223,True,401.43786430358887,False,135.9523937702179,False,195.520681142807,False
0036-stablemarriage-0-0.asp,854.9319303035736,True,409.55401730537415,False,139.66374826431274,False,207.46343278884888,False
0037-stablemarriage-0-0.asp,840.4864366054535,True,387.89537835121155,False,136.1551914215088,False,197.21115279197693,False
0038-stablemarriage-0-0.asp,866.1725187301636,True,404.26772451400757,False,144.0803394317627,False,206.52760982513428,False
0039-stablemarriage-0-0.asp,839.873777627945,True,402.1417806148529,False,135.72400569915771,False,196.91595578193665,False
0040-stablemarriage-0-0.asp,821.2162685394287,True,400.92540431022644,False,143.65509963035583,False,203.66383743286133,False
0041-stablemarriage-0-0.asp,859.52880692482,True,404.4792013168335,False,141.929456949234,False,196.51758575439453,False
0042-stablemarriage-0-0.asp,822.2772178649902,True,400.80619835853577,False,140.959321975708,False,204.29638671875,False
0043-stablemarriage-0-0.asp,845.3633513450623,True,381.16128635406494,False,145.66659116744995,False,207.52558708190918,False
0044-stablemarriage-0-0.asp,864.306218624115,True,401.21487522125244,False,145.54055833816528,False,206.4442207813263,False
0045-stablemarriage-0-0.asp,852.4723033905029,True,410.0085508823395,False,136.27984046936035,False,194.40542483329773,False
0046-stablemarriage-0-0.asp,838.6080846786499,True,403.1681890487671,False,144.59235000610352,False,208.23134326934814,False
0047-stablemarriage-0-0.asp,813.8842771053314,True,407.3401918411255,False,144.54020190238953,False,198.14738845825195,False
0048-stablemarriage-0-0.asp,830.7819352149963,True,408.36471581459045,False,148.88921475410461,False,208.03493356704712,False
0049-stablemarriage-0-0.asp,878.05020570755,True,400.2207853794098,False,135.33582043647766,False,196.21967315673828,False
0050-stablemarriage-0-0.asp,835.6702749729156,True,405.5980453491211,False,144.50323367118835,False,208.71173667907715,False
